{"cameraMode":{"drawMode":0,"name":"Shaded","section":"Shading Mode"},"sceneLighting":true,"audioPlay":false,"sceneViewState":{"m_AlwaysRefresh":false,"showFog":true,"showSkybox":true,"showFlares":true,"showImageEffects":true,"showParticleSystems":true,"showVisualEffectGraphs":true,"m_FxEnabled":true},"in2DMode":false,"pivot":{"x":-6.523244857788086,"y":-31.264507293701173,"z":16.44192886352539},"rotation":{"x":-0.12481880933046341,"y":0.13411127030849458,"z":-0.017026077955961229,"w":-0.9829393625259399},"size":48.94359588623047,"orthographic":false}